-- phpMyAdmin SQL Dump
-- version 4.8.4
-- https://www.phpmyadmin.net/
--
-- Host: localhost
-- Generation Time: Apr 10, 2019 at 09:17 PM
-- Server version: 10.1.37-MariaDB
-- PHP Version: 7.3.0

SET SQL_MODE = "NO_AUTO_VALUE_ON_ZERO";
SET AUTOCOMMIT = 0;
START TRANSACTION;
SET time_zone = "+00:00";


/*!40101 SET @OLD_CHARACTER_SET_CLIENT=@@CHARACTER_SET_CLIENT */;
/*!40101 SET @OLD_CHARACTER_SET_RESULTS=@@CHARACTER_SET_RESULTS */;
/*!40101 SET @OLD_COLLATION_CONNECTION=@@COLLATION_CONNECTION */;
/*!40101 SET NAMES utf8mb4 */;

--
-- Database: `Database_srms`
--

-- --------------------------------------------------------

--
-- Table structure for table `admin`
--

CREATE TABLE `admin` (
  `id` int(11) NOT NULL,
  `UserName` varchar(100) NOT NULL,
  `Password` varchar(100) NOT NULL,
  `updationDate` timestamp NOT NULL DEFAULT '0000-00-00 00:00:00' ON UPDATE CURRENT_TIMESTAMP
) ENGINE=InnoDB DEFAULT CHARSET=latin1;

--
-- Dumping data for table `admin`
--

INSERT INTO `admin` (`id`, `UserName`, `Password`, `updationDate`) VALUES
(1, 'admin', '12345', '2019-04-10 17:12:09');

-- --------------------------------------------------------

--
-- Table structure for table `tblclasses`
--

CREATE TABLE `tblclasses` (
  `id` int(11) NOT NULL,
  `ClassName` varchar(80) NOT NULL,
  `ClassNameNumeric` int(4) NOT NULL,
  `Section` varchar(12) NOT NULL,
  `CreationDate` timestamp NOT NULL DEFAULT CURRENT_TIMESTAMP ON UPDATE CURRENT_TIMESTAMP,
  `UpdationDate` timestamp NOT NULL DEFAULT '0000-00-00 00:00:00'
) ENGINE=InnoDB DEFAULT CHARSET=latin1;

--
-- Dumping data for table `tblclasses`
--

INSERT INTO `tblclasses` (`id`, `ClassName`, `ClassNameNumeric`, `Section`, `CreationDate`, `UpdationDate`) VALUES
(1, 'Eighth', 4, 'B', '0000-00-00 00:00:00', '0000-00-00 00:00:00'),
(2, 'Second', 1, 'B', '0000-00-00 00:00:00', '0000-00-00 00:00:00'),
(3, 'Eighth', 8, 'D', '0000-00-00 00:00:00', '0000-00-00 00:00:00'),
(4, 'Eighth', 3, 'C', '0000-00-00 00:00:00', '0000-00-00 00:00:00'),
(5, 'Fourth', 9, 'C', '0000-00-00 00:00:00', '0000-00-00 00:00:00'),
(6, 'Fifth', 7, 'D', '0000-00-00 00:00:00', '0000-00-00 00:00:00'),
(7, 'Seventh', 1, 'D', '0000-00-00 00:00:00', '0000-00-00 00:00:00'),
(8, 'Seventh', 7, 'D', '0000-00-00 00:00:00', '0000-00-00 00:00:00'),
(9, 'Ninth', 2, 'A', '0000-00-00 00:00:00', '0000-00-00 00:00:00'),
(10, 'Eighth', 8, 'E', '0000-00-00 00:00:00', '0000-00-00 00:00:00'),
(11, 'Sixth', 3, 'A', '0000-00-00 00:00:00', '0000-00-00 00:00:00'),
(12, 'Sixth', 9, 'B', '0000-00-00 00:00:00', '0000-00-00 00:00:00'),
(13, 'Fifth', 5, 'D', '0000-00-00 00:00:00', '0000-00-00 00:00:00'),
(14, 'Sixth', 1, 'D', '0000-00-00 00:00:00', '0000-00-00 00:00:00'),
(15, 'Second', 9, 'C', '0000-00-00 00:00:00', '0000-00-00 00:00:00'),
(16, 'First', 1, 'D', '0000-00-00 00:00:00', '0000-00-00 00:00:00'),
(17, 'Ninth', 8, 'D', '0000-00-00 00:00:00', '0000-00-00 00:00:00'),
(18, 'Fourth', 3, 'E', '0000-00-00 00:00:00', '0000-00-00 00:00:00'),
(19, 'Second', 7, 'C', '0000-00-00 00:00:00', '0000-00-00 00:00:00'),
(20, 'First', 1, 'C', '0000-00-00 00:00:00', '0000-00-00 00:00:00'),
(21, 'Seventh', 2, 'C', '0000-00-00 00:00:00', '0000-00-00 00:00:00'),
(22, 'Seventh', 5, 'A', '0000-00-00 00:00:00', '0000-00-00 00:00:00'),
(23, 'Ninth', 1, 'E', '0000-00-00 00:00:00', '0000-00-00 00:00:00'),
(24, 'Ninth', 1, 'C', '0000-00-00 00:00:00', '0000-00-00 00:00:00'),
(25, 'Eighth', 3, 'C', '0000-00-00 00:00:00', '0000-00-00 00:00:00'),
(26, 'Sixth', 5, 'A', '0000-00-00 00:00:00', '0000-00-00 00:00:00'),
(27, 'First', 2, 'E', '0000-00-00 00:00:00', '0000-00-00 00:00:00'),
(28, 'Fourth', 4, 'E', '0000-00-00 00:00:00', '0000-00-00 00:00:00'),
(29, 'Third', 4, 'D', '0000-00-00 00:00:00', '0000-00-00 00:00:00'),
(30, 'Fifth', 6, 'D', '0000-00-00 00:00:00', '0000-00-00 00:00:00'),
(31, 'Sixth', 3, 'A', '0000-00-00 00:00:00', '0000-00-00 00:00:00'),
(32, 'Fifth', 8, 'D', '0000-00-00 00:00:00', '0000-00-00 00:00:00'),
(33, 'Fifth', 6, 'A', '0000-00-00 00:00:00', '0000-00-00 00:00:00'),
(34, 'Ninth', 5, 'B', '0000-00-00 00:00:00', '0000-00-00 00:00:00'),
(35, 'Fifth', 6, 'E', '0000-00-00 00:00:00', '0000-00-00 00:00:00'),
(36, 'Ninth', 6, 'E', '0000-00-00 00:00:00', '0000-00-00 00:00:00'),
(37, 'Fourth', 7, 'C', '0000-00-00 00:00:00', '0000-00-00 00:00:00'),
(38, 'Sixth', 8, 'D', '0000-00-00 00:00:00', '0000-00-00 00:00:00'),
(39, 'Ninth', 3, 'E', '0000-00-00 00:00:00', '0000-00-00 00:00:00'),
(40, 'Sixth', 5, 'D', '0000-00-00 00:00:00', '0000-00-00 00:00:00'),
(41, 'Second', 3, 'E', '0000-00-00 00:00:00', '0000-00-00 00:00:00'),
(42, 'Third', 9, 'A', '0000-00-00 00:00:00', '0000-00-00 00:00:00'),
(43, 'Fourth', 4, 'C', '0000-00-00 00:00:00', '0000-00-00 00:00:00'),
(44, 'Ninth', 5, 'C', '0000-00-00 00:00:00', '0000-00-00 00:00:00'),
(45, 'Seventh', 2, 'B', '0000-00-00 00:00:00', '0000-00-00 00:00:00'),
(46, 'First', 7, 'C', '0000-00-00 00:00:00', '0000-00-00 00:00:00'),
(47, 'Fourth', 1, 'C', '0000-00-00 00:00:00', '0000-00-00 00:00:00'),
(48, 'Second', 2, 'C', '0000-00-00 00:00:00', '0000-00-00 00:00:00'),
(49, 'Ninth', 6, 'E', '0000-00-00 00:00:00', '0000-00-00 00:00:00'),
(50, 'Second', 2, 'E', '0000-00-00 00:00:00', '0000-00-00 00:00:00'),
(51, 'Third', 8, 'B', '0000-00-00 00:00:00', '0000-00-00 00:00:00'),
(52, 'First', 8, 'C', '0000-00-00 00:00:00', '0000-00-00 00:00:00'),
(53, 'Fifth', 9, 'D', '0000-00-00 00:00:00', '0000-00-00 00:00:00'),
(54, 'Fifth', 7, 'C', '0000-00-00 00:00:00', '0000-00-00 00:00:00'),
(55, 'Third', 9, 'E', '0000-00-00 00:00:00', '0000-00-00 00:00:00'),
(56, 'Ninth', 7, 'B', '0000-00-00 00:00:00', '0000-00-00 00:00:00'),
(57, 'Sixth', 4, 'D', '0000-00-00 00:00:00', '0000-00-00 00:00:00'),
(58, 'Sixth', 4, 'E', '0000-00-00 00:00:00', '0000-00-00 00:00:00'),
(59, 'Fourth', 8, 'E', '0000-00-00 00:00:00', '0000-00-00 00:00:00'),
(60, 'Sixth', 6, 'E', '0000-00-00 00:00:00', '0000-00-00 00:00:00'),
(61, 'Second', 2, 'E', '0000-00-00 00:00:00', '0000-00-00 00:00:00'),
(62, 'Ninth', 2, 'C', '0000-00-00 00:00:00', '0000-00-00 00:00:00'),
(63, 'Second', 4, 'C', '0000-00-00 00:00:00', '0000-00-00 00:00:00'),
(64, 'Seventh', 9, 'A', '0000-00-00 00:00:00', '0000-00-00 00:00:00'),
(65, 'Second', 2, 'B', '0000-00-00 00:00:00', '0000-00-00 00:00:00'),
(66, 'Ninth', 6, 'E', '0000-00-00 00:00:00', '0000-00-00 00:00:00'),
(67, 'Second', 8, 'D', '0000-00-00 00:00:00', '0000-00-00 00:00:00'),
(68, 'Seventh', 9, 'B', '0000-00-00 00:00:00', '0000-00-00 00:00:00'),
(69, 'First', 6, 'E', '0000-00-00 00:00:00', '0000-00-00 00:00:00'),
(70, 'Fourth', 4, 'B', '0000-00-00 00:00:00', '0000-00-00 00:00:00'),
(71, 'Third', 9, 'B', '0000-00-00 00:00:00', '0000-00-00 00:00:00'),
(72, 'Fifth', 6, 'A', '0000-00-00 00:00:00', '0000-00-00 00:00:00'),
(73, 'Sixth', 5, 'A', '0000-00-00 00:00:00', '0000-00-00 00:00:00'),
(74, 'Eighth', 2, 'C', '0000-00-00 00:00:00', '0000-00-00 00:00:00'),
(75, 'Fourth', 2, 'D', '0000-00-00 00:00:00', '0000-00-00 00:00:00'),
(76, 'First', 6, 'D', '0000-00-00 00:00:00', '0000-00-00 00:00:00'),
(77, 'First', 9, 'C', '0000-00-00 00:00:00', '0000-00-00 00:00:00'),
(78, 'Third', 7, 'E', '0000-00-00 00:00:00', '0000-00-00 00:00:00'),
(79, 'Sixth', 7, 'B', '0000-00-00 00:00:00', '0000-00-00 00:00:00'),
(80, 'Ninth', 2, 'B', '0000-00-00 00:00:00', '0000-00-00 00:00:00'),
(81, 'Fourth', 1, 'C', '0000-00-00 00:00:00', '0000-00-00 00:00:00'),
(82, 'Seventh', 2, 'E', '0000-00-00 00:00:00', '0000-00-00 00:00:00'),
(83, 'Fifth', 8, 'D', '0000-00-00 00:00:00', '0000-00-00 00:00:00'),
(84, 'Second', 3, 'E', '0000-00-00 00:00:00', '0000-00-00 00:00:00'),
(85, 'Fourth', 4, 'B', '0000-00-00 00:00:00', '0000-00-00 00:00:00'),
(86, 'Fifth', 7, 'D', '0000-00-00 00:00:00', '0000-00-00 00:00:00'),
(87, 'Seventh', 3, 'C', '0000-00-00 00:00:00', '0000-00-00 00:00:00'),
(88, 'Seventh', 2, 'A', '0000-00-00 00:00:00', '0000-00-00 00:00:00'),
(89, 'Second', 4, 'A', '0000-00-00 00:00:00', '0000-00-00 00:00:00'),
(90, 'Fifth', 5, 'C', '0000-00-00 00:00:00', '0000-00-00 00:00:00'),
(91, 'Third', 5, 'E', '0000-00-00 00:00:00', '0000-00-00 00:00:00'),
(92, 'Second', 9, 'B', '0000-00-00 00:00:00', '0000-00-00 00:00:00'),
(93, 'Eighth', 6, 'A', '0000-00-00 00:00:00', '0000-00-00 00:00:00'),
(94, 'Ninth', 8, 'A', '0000-00-00 00:00:00', '0000-00-00 00:00:00'),
(95, 'First', 4, 'A', '0000-00-00 00:00:00', '0000-00-00 00:00:00'),
(96, 'Seventh', 6, 'C', '0000-00-00 00:00:00', '0000-00-00 00:00:00'),
(97, 'Fourth', 4, 'E', '0000-00-00 00:00:00', '0000-00-00 00:00:00'),
(98, 'First', 9, 'A', '0000-00-00 00:00:00', '0000-00-00 00:00:00'),
(99, 'Sixth', 2, 'B', '0000-00-00 00:00:00', '0000-00-00 00:00:00'),
(100, 'Ninth', 8, 'D', '0000-00-00 00:00:00', '0000-00-00 00:00:00');

-- --------------------------------------------------------

--
-- Table structure for table `tblresult`
--

CREATE TABLE `tblresult` (
  `id` int(11) NOT NULL,
  `StudentId` int(11) DEFAULT NULL,
  `ClassId` int(11) DEFAULT NULL,
  `SubjectId` int(11) DEFAULT NULL,
  `marks` int(11) DEFAULT NULL,
  `PostingDate` timestamp NULL DEFAULT CURRENT_TIMESTAMP,
  `UpdationDate` timestamp NULL DEFAULT NULL ON UPDATE CURRENT_TIMESTAMP
) ENGINE=InnoDB DEFAULT CHARSET=latin1;

--
-- Dumping data for table `tblresult`
--

INSERT INTO `tblresult` (`id`, `StudentId`, `ClassId`, `SubjectId`, `marks`, `PostingDate`, `UpdationDate`) VALUES
(18, 98, 6, 6, 50, '0000-00-00 00:00:00', '0000-00-00 00:00:00'),
(19, 87, 5, 9, 99, '0000-00-00 00:00:00', '0000-00-00 00:00:00'),
(20, 46, 7, 4, 63, '0000-00-00 00:00:00', '0000-00-00 00:00:00'),
(21, 81, 4, 3, 77, '0000-00-00 00:00:00', '0000-00-00 00:00:00'),
(22, 85, 7, 1, 91, '0000-00-00 00:00:00', '0000-00-00 00:00:00'),
(23, 94, 5, 1, 54, '0000-00-00 00:00:00', '0000-00-00 00:00:00'),
(24, 41, 1, 2, 54, '0000-00-00 00:00:00', '0000-00-00 00:00:00'),
(25, 50, 9, 6, 62, '0000-00-00 00:00:00', '0000-00-00 00:00:00'),
(26, 56, 5, 2, 68, '0000-00-00 00:00:00', '0000-00-00 00:00:00'),
(27, 27, 7, 6, 83, '0000-00-00 00:00:00', '0000-00-00 00:00:00'),
(28, 28, 9, 7, 86, '0000-00-00 00:00:00', '0000-00-00 00:00:00'),
(29, 85, 6, 6, 88, '0000-00-00 00:00:00', '0000-00-00 00:00:00'),
(30, 47, 6, 6, 90, '0000-00-00 00:00:00', '0000-00-00 00:00:00'),
(31, 37, 8, 1, 73, '0000-00-00 00:00:00', '0000-00-00 00:00:00'),
(32, 76, 1, 2, 94, '0000-00-00 00:00:00', '0000-00-00 00:00:00'),
(33, 64, 8, 8, 77, '0000-00-00 00:00:00', '0000-00-00 00:00:00'),
(34, 69, 7, 1, 52, '0000-00-00 00:00:00', '0000-00-00 00:00:00'),
(35, 65, 4, 9, 72, '0000-00-00 00:00:00', '0000-00-00 00:00:00'),
(36, 27, 3, 1, 88, '0000-00-00 00:00:00', '0000-00-00 00:00:00'),
(37, 47, 4, 6, 56, '0000-00-00 00:00:00', '0000-00-00 00:00:00'),
(38, 53, 1, 4, 97, '0000-00-00 00:00:00', '0000-00-00 00:00:00'),
(39, 42, 6, 5, 53, '0000-00-00 00:00:00', '0000-00-00 00:00:00'),
(40, 13, 6, 9, 86, '0000-00-00 00:00:00', '0000-00-00 00:00:00'),
(41, 61, 3, 5, 51, '0000-00-00 00:00:00', '0000-00-00 00:00:00'),
(42, 59, 9, 7, 78, '0000-00-00 00:00:00', '0000-00-00 00:00:00'),
(43, 49, 8, 3, 94, '0000-00-00 00:00:00', '0000-00-00 00:00:00'),
(44, 32, 5, 1, 85, '0000-00-00 00:00:00', '0000-00-00 00:00:00'),
(45, 12, 5, 3, 53, '0000-00-00 00:00:00', '0000-00-00 00:00:00'),
(46, 67, 6, 4, 52, '0000-00-00 00:00:00', '0000-00-00 00:00:00'),
(47, 42, 8, 2, 52, '0000-00-00 00:00:00', '0000-00-00 00:00:00'),
(48, 24, 7, 7, 63, '0000-00-00 00:00:00', '0000-00-00 00:00:00'),
(49, 11, 4, 2, 72, '0000-00-00 00:00:00', '0000-00-00 00:00:00'),
(50, 7, 7, 9, 96, '0000-00-00 00:00:00', '0000-00-00 00:00:00'),
(51, 24, 8, 7, 100, '0000-00-00 00:00:00', '0000-00-00 00:00:00'),
(52, 42, 4, 5, 52, '0000-00-00 00:00:00', '0000-00-00 00:00:00'),
(53, 100, 9, 2, 57, '0000-00-00 00:00:00', '0000-00-00 00:00:00'),
(54, 47, 1, 4, 51, '0000-00-00 00:00:00', '0000-00-00 00:00:00'),
(55, 26, 2, 2, 93, '0000-00-00 00:00:00', '0000-00-00 00:00:00'),
(56, 89, 5, 9, 59, '0000-00-00 00:00:00', '0000-00-00 00:00:00'),
(57, 38, 9, 8, 59, '0000-00-00 00:00:00', '0000-00-00 00:00:00'),
(58, 43, 1, 1, 98, '0000-00-00 00:00:00', '0000-00-00 00:00:00'),
(59, 63, 3, 1, 58, '0000-00-00 00:00:00', '0000-00-00 00:00:00'),
(60, 66, 7, 2, 99, '0000-00-00 00:00:00', '0000-00-00 00:00:00'),
(61, 45, 8, 9, 59, '0000-00-00 00:00:00', '0000-00-00 00:00:00'),
(62, 35, 2, 2, 86, '0000-00-00 00:00:00', '0000-00-00 00:00:00'),
(63, 24, 1, 3, 80, '0000-00-00 00:00:00', '0000-00-00 00:00:00'),
(64, 52, 4, 8, 77, '0000-00-00 00:00:00', '0000-00-00 00:00:00'),
(65, 38, 7, 4, 59, '0000-00-00 00:00:00', '0000-00-00 00:00:00'),
(66, 74, 9, 1, 65, '0000-00-00 00:00:00', '0000-00-00 00:00:00'),
(67, 74, 3, 2, 79, '0000-00-00 00:00:00', '0000-00-00 00:00:00'),
(68, 10, 5, 9, 75, '0000-00-00 00:00:00', '0000-00-00 00:00:00'),
(69, 88, 7, 8, 79, '0000-00-00 00:00:00', '0000-00-00 00:00:00'),
(70, 8, 6, 9, 71, '0000-00-00 00:00:00', '0000-00-00 00:00:00'),
(71, 15, 8, 6, 62, '0000-00-00 00:00:00', '0000-00-00 00:00:00'),
(72, 99, 6, 8, 65, '0000-00-00 00:00:00', '0000-00-00 00:00:00'),
(73, 21, 8, 6, 81, '0000-00-00 00:00:00', '0000-00-00 00:00:00'),
(74, 2, 2, 8, 81, '0000-00-00 00:00:00', '0000-00-00 00:00:00'),
(75, 100, 2, 8, 50, '0000-00-00 00:00:00', '0000-00-00 00:00:00'),
(76, 28, 2, 8, 79, '0000-00-00 00:00:00', '0000-00-00 00:00:00'),
(77, 19, 9, 1, 62, '0000-00-00 00:00:00', '0000-00-00 00:00:00'),
(78, 30, 9, 3, 73, '0000-00-00 00:00:00', '0000-00-00 00:00:00'),
(79, 32, 8, 8, 86, '0000-00-00 00:00:00', '0000-00-00 00:00:00'),
(80, 39, 5, 6, 59, '0000-00-00 00:00:00', '0000-00-00 00:00:00'),
(81, 60, 4, 7, 87, '0000-00-00 00:00:00', '0000-00-00 00:00:00'),
(82, 17, 8, 3, 96, '0000-00-00 00:00:00', '0000-00-00 00:00:00'),
(83, 77, 6, 6, 93, '0000-00-00 00:00:00', '0000-00-00 00:00:00'),
(84, 87, 3, 1, 55, '0000-00-00 00:00:00', '0000-00-00 00:00:00'),
(85, 72, 1, 3, 92, '0000-00-00 00:00:00', '0000-00-00 00:00:00'),
(86, 76, 5, 2, 75, '0000-00-00 00:00:00', '0000-00-00 00:00:00'),
(87, 52, 9, 2, 97, '0000-00-00 00:00:00', '0000-00-00 00:00:00'),
(88, 98, 6, 2, 70, '0000-00-00 00:00:00', '0000-00-00 00:00:00'),
(89, 64, 2, 9, 96, '0000-00-00 00:00:00', '0000-00-00 00:00:00'),
(90, 95, 8, 3, 78, '0000-00-00 00:00:00', '0000-00-00 00:00:00'),
(91, 45, 7, 6, 58, '0000-00-00 00:00:00', '0000-00-00 00:00:00'),
(92, 47, 3, 5, 100, '0000-00-00 00:00:00', '0000-00-00 00:00:00'),
(93, 3, 5, 3, 63, '0000-00-00 00:00:00', '0000-00-00 00:00:00'),
(94, 86, 7, 7, 86, '0000-00-00 00:00:00', '0000-00-00 00:00:00'),
(95, 21, 2, 7, 54, '0000-00-00 00:00:00', '0000-00-00 00:00:00'),
(96, 95, 9, 1, 62, '0000-00-00 00:00:00', '0000-00-00 00:00:00'),
(97, 34, 2, 8, 94, '0000-00-00 00:00:00', '0000-00-00 00:00:00'),
(98, 41, 2, 1, 93, '0000-00-00 00:00:00', '0000-00-00 00:00:00'),
(99, 13, 5, 7, 81, '0000-00-00 00:00:00', '0000-00-00 00:00:00'),
(100, 24, 1, 7, 60, '0000-00-00 00:00:00', '0000-00-00 00:00:00'),
(101, 33, 7, 5, 70, '0000-00-00 00:00:00', '0000-00-00 00:00:00'),
(102, 1, 7, 1, 84, '0000-00-00 00:00:00', '0000-00-00 00:00:00'),
(103, 1, 6, 5, 55, '0000-00-00 00:00:00', '0000-00-00 00:00:00'),
(104, 25, 8, 4, 81, '0000-00-00 00:00:00', '0000-00-00 00:00:00'),
(105, 44, 4, 9, 62, '0000-00-00 00:00:00', '0000-00-00 00:00:00'),
(106, 45, 2, 1, 57, '0000-00-00 00:00:00', '0000-00-00 00:00:00'),
(107, 15, 3, 5, 72, '0000-00-00 00:00:00', '0000-00-00 00:00:00'),
(108, 28, 4, 6, 72, '0000-00-00 00:00:00', '0000-00-00 00:00:00'),
(109, 77, 2, 6, 98, '0000-00-00 00:00:00', '0000-00-00 00:00:00'),
(110, 40, 2, 6, 85, '0000-00-00 00:00:00', '0000-00-00 00:00:00'),
(111, 3, 6, 7, 71, '0000-00-00 00:00:00', '0000-00-00 00:00:00'),
(112, 90, 7, 7, 73, '0000-00-00 00:00:00', '0000-00-00 00:00:00'),
(113, 13, 1, 9, 78, '0000-00-00 00:00:00', '0000-00-00 00:00:00'),
(114, 79, 4, 3, 52, '0000-00-00 00:00:00', '0000-00-00 00:00:00'),
(115, 98, 3, 5, 54, '0000-00-00 00:00:00', '0000-00-00 00:00:00'),
(116, 88, 6, 1, 60, '0000-00-00 00:00:00', '0000-00-00 00:00:00'),
(117, 96, 8, 3, 59, '0000-00-00 00:00:00', '0000-00-00 00:00:00'),
(118, 14, 3, 8, 55, '2019-04-10 18:52:14', NULL),
(119, 14, 3, 8, 55, '2019-04-10 18:52:14', NULL),
(120, 14, 3, 8, 55, '2019-04-10 18:52:14', NULL),
(121, 14, 3, 2, 55, '2019-04-10 18:52:14', NULL),
(122, 14, 3, 5, 55, '2019-04-10 18:52:14', NULL);

-- --------------------------------------------------------

--
-- Table structure for table `tblstudents`
--

CREATE TABLE `tblstudents` (
  `StudentId` int(11) NOT NULL,
  `StudentName` varchar(100) NOT NULL,
  `RollId` varchar(100) NOT NULL,
  `StudentEmail` varchar(100) NOT NULL,
  `Gender` varchar(10) NOT NULL,
  `DOB` varchar(100) NOT NULL,
  `ClassId` int(11) NOT NULL,
  `RegDate` timestamp NOT NULL DEFAULT CURRENT_TIMESTAMP,
  `UpdationDate` timestamp NULL DEFAULT NULL ON UPDATE CURRENT_TIMESTAMP,
  `Status` int(1) NOT NULL
) ENGINE=InnoDB DEFAULT CHARSET=latin1;

--
-- Dumping data for table `tblstudents`
--

INSERT INTO `tblstudents` (`StudentId`, `StudentName`, `RollId`, `StudentEmail`, `Gender`, `DOB`, `ClassId`, `RegDate`, `UpdationDate`, `Status`) VALUES
(7, 'Quint McInility', '558-71-7126', 'qmcinility0@icq.com', 'Male', '12/28/2002', 2, '0000-00-00 00:00:00', '0000-00-00 00:00:00', 1),
(8, 'Mike Shiel', '621-85-5546', 'mshiel1@facebook.com', 'Male', '10/28/2004', 5, '0000-00-00 00:00:00', '0000-00-00 00:00:00', 1),
(9, 'Samaria Plinck', '205-97-5852', 'splinck2@reference.com', 'Female', '12/20/1997', 5, '0000-00-00 00:00:00', '0000-00-00 00:00:00', 1),
(10, 'Genevieve Huckett', '356-46-3459', 'ghuckett3@baidu.com', 'Female', '06/29/1995', 2, '0000-00-00 00:00:00', '0000-00-00 00:00:00', 0),
(11, 'Balduin Hutt', '241-02-8293', 'bhutt4@twitpic.com', 'Male', '12/31/1997', 3, '0000-00-00 00:00:00', '0000-00-00 00:00:00', 1),
(12, 'Koo Giorgio', '302-21-9618', 'kgiorgio5@pbs.org', 'Female', '02/01/1995', 1, '0000-00-00 00:00:00', '0000-00-00 00:00:00', 1),
(13, 'Steffie Nudds', '867-55-5197', 'snudds6@bbc.co.uk', 'Female', '01/12/1995', 9, '0000-00-00 00:00:00', '0000-00-00 00:00:00', 0),
(14, 'Ambrosi Quinnet', '620-85-3743', 'aquinnet7@privacy.gov.au', 'Male', '04/10/1998', 3, '0000-00-00 00:00:00', '0000-00-00 00:00:00', 0),
(15, 'Frasco Brocklebank', '825-89-6930', 'fbrocklebank8@prlog.org', 'Male', '11/07/1996', 2, '0000-00-00 00:00:00', '0000-00-00 00:00:00', 0),
(16, 'Kathi Gergus', '461-94-9666', 'kgergus9@yale.edu', 'Female', '07/24/1996', 9, '0000-00-00 00:00:00', '0000-00-00 00:00:00', 1),
(17, 'Gerrard Murrum', '707-40-1039', 'gmurruma@twitter.com', 'Male', '04/01/2001', 6, '0000-00-00 00:00:00', '0000-00-00 00:00:00', 1),
(18, 'Kennie Janda', '242-75-7581', 'kjandab@state.tx.us', 'Male', '06/26/1996', 2, '0000-00-00 00:00:00', '0000-00-00 00:00:00', 0),
(19, 'Iggy Entissle', '724-11-8585', 'ientisslec@tinypic.com', 'Male', '09/30/1998', 8, '0000-00-00 00:00:00', '0000-00-00 00:00:00', 1),
(20, 'Flss Robken', '192-35-5171', 'frobkend@free.fr', 'Female', '09/05/2001', 3, '0000-00-00 00:00:00', '0000-00-00 00:00:00', 0),
(21, 'Cello Gambrell', '770-55-6364', 'cgambrelle@tmall.com', 'Male', '07/06/1997', 1, '0000-00-00 00:00:00', '0000-00-00 00:00:00', 1),
(22, 'Osborn Muir', '648-02-2091', 'omuirf@yandex.ru', 'Male', '10/07/1998', 6, '0000-00-00 00:00:00', '0000-00-00 00:00:00', 1),
(23, 'Alexi Attwater', '100-83-4735', 'aattwaterg@wiley.com', 'Female', '10/19/2001', 5, '0000-00-00 00:00:00', '0000-00-00 00:00:00', 0),
(24, 'Darsie Ricart', '879-70-0925', 'dricarth@sphinn.com', 'Female', '02/13/1999', 9, '0000-00-00 00:00:00', '0000-00-00 00:00:00', 1),
(25, 'Laughton Bonn', '716-97-4415', 'lbonni@vistaprint.com', 'Male', '09/27/1995', 2, '0000-00-00 00:00:00', '0000-00-00 00:00:00', 1),
(26, 'Sig Loddy', '150-68-9708', 'sloddyj@tuttocitta.it', 'Male', '11/11/2001', 7, '0000-00-00 00:00:00', '0000-00-00 00:00:00', 0),
(27, 'Maurise Lerwell', '603-10-3664', 'mlerwellk@diigo.com', 'Male', '12/28/1999', 5, '0000-00-00 00:00:00', '0000-00-00 00:00:00', 1),
(28, 'Carissa Foystone', '873-05-8127', 'cfoystonel@merriam-webster.com', 'Female', '09/05/2002', 7, '0000-00-00 00:00:00', '0000-00-00 00:00:00', 1),
(29, 'Gennie Donahue', '641-80-8411', 'gdonahuem@amazon.co.uk', 'Female', '06/03/2000', 2, '0000-00-00 00:00:00', '0000-00-00 00:00:00', 1),
(30, 'Dix Deppen', '823-11-9970', 'ddeppenn@blog.com', 'Female', '02/26/1996', 6, '0000-00-00 00:00:00', '0000-00-00 00:00:00', 1),
(31, 'Eadmund Masarrat', '383-39-2711', 'emasarrato@4shared.com', 'Male', '07/22/2001', 2, '0000-00-00 00:00:00', '0000-00-00 00:00:00', 1),
(32, 'Micky Matityahu', '611-93-0759', 'mmatityahup@ucsd.edu', 'Male', '12/10/1996', 5, '0000-00-00 00:00:00', '0000-00-00 00:00:00', 1),
(33, 'Valery Stiegar', '246-32-3229', 'vstiegarq@alexa.com', 'Female', '03/01/1998', 8, '0000-00-00 00:00:00', '0000-00-00 00:00:00', 0),
(34, 'My Lampert', '741-52-9761', 'mlampertr@seattletimes.com', 'Male', '05/16/1999', 7, '0000-00-00 00:00:00', '0000-00-00 00:00:00', 1),
(35, 'Noni Scola', '273-49-1887', 'nscolas@twitpic.com', 'Female', '04/29/1995', 5, '0000-00-00 00:00:00', '0000-00-00 00:00:00', 0),
(36, 'Alastair Delnevo', '287-05-3878', 'adelnevot@youku.com', 'Male', '12/13/2004', 5, '0000-00-00 00:00:00', '0000-00-00 00:00:00', 1),
(37, 'Darrel Renison', '118-78-3444', 'drenisonu@arizona.edu', 'Male', '10/08/2003', 3, '0000-00-00 00:00:00', '0000-00-00 00:00:00', 0),
(38, 'Reggis Clinton', '187-34-8185', 'rclintonv@i2i.jp', 'Male', '11/21/2000', 2, '0000-00-00 00:00:00', '0000-00-00 00:00:00', 1),
(39, 'Annabela Haggath', '132-43-8080', 'ahaggathw@ihg.com', 'Female', '09/09/1996', 9, '0000-00-00 00:00:00', '0000-00-00 00:00:00', 0),
(40, 'Friedrick Molyneaux', '466-12-2222', 'fmolyneauxx@time.com', 'Male', '09/17/2004', 7, '0000-00-00 00:00:00', '0000-00-00 00:00:00', 0),
(41, 'Kort Leadbeatter', '322-56-5049', 'kleadbeattery@networksolutions.com', 'Male', '08/13/1998', 1, '0000-00-00 00:00:00', '0000-00-00 00:00:00', 1),
(42, 'Caressa Ryde', '445-68-3051', 'crydez@blinklist.com', 'Female', '11/27/1998', 5, '0000-00-00 00:00:00', '0000-00-00 00:00:00', 0),
(43, 'Barron Dombrell', '168-46-2361', 'bdombrell10@psu.edu', 'Male', '02/23/2001', 3, '0000-00-00 00:00:00', '0000-00-00 00:00:00', 0),
(44, 'Emelina Pougher', '227-87-6224', 'epougher11@foxnews.com', 'Female', '02/13/2004', 3, '0000-00-00 00:00:00', '0000-00-00 00:00:00', 0),
(45, 'Auberon Danko', '420-82-5249', 'adanko12@ftc.gov', 'Male', '05/05/2004', 8, '0000-00-00 00:00:00', '0000-00-00 00:00:00', 0),
(46, 'Antoni Telezhkin', '870-62-9145', 'atelezhkin13@cornell.edu', 'Male', '03/05/1996', 8, '0000-00-00 00:00:00', '0000-00-00 00:00:00', 0),
(47, 'Jude Larver', '241-10-2917', 'jlarver14@chron.com', 'Male', '04/21/2000', 2, '0000-00-00 00:00:00', '0000-00-00 00:00:00', 1),
(48, 'Julian Allderidge', '712-99-4912', 'jallderidge15@flickr.com', 'Male', '01/05/2000', 5, '0000-00-00 00:00:00', '0000-00-00 00:00:00', 1),
(49, 'Erroll Adamides', '440-59-0497', 'eadamides16@economist.com', 'Male', '03/05/1997', 9, '0000-00-00 00:00:00', '0000-00-00 00:00:00', 0),
(50, 'Julianne Crosher', '895-02-5318', 'jcrosher17@nymag.com', 'Female', '01/02/2003', 8, '0000-00-00 00:00:00', '0000-00-00 00:00:00', 1),
(51, 'Goldi Fouch', '583-73-0564', 'gfouch18@vkontakte.ru', 'Female', '07/24/1995', 6, '0000-00-00 00:00:00', '0000-00-00 00:00:00', 1),
(52, 'Fredrika Yurikov', '606-19-1200', 'fyurikov19@sciencedaily.com', 'Female', '11/17/1995', 9, '0000-00-00 00:00:00', '0000-00-00 00:00:00', 1),
(53, 'Daphene Paullin', '426-02-0276', 'dpaullin1a@newsvine.com', 'Female', '03/21/1995', 9, '0000-00-00 00:00:00', '0000-00-00 00:00:00', 1),
(54, 'Prudy Ricardin', '300-34-5280', 'pricardin1b@cpanel.net', 'Female', '10/27/2000', 3, '0000-00-00 00:00:00', '0000-00-00 00:00:00', 1),
(55, 'Rancell Draycott', '617-69-5963', 'rdraycott1c@t-online.de', 'Male', '02/11/1997', 5, '0000-00-00 00:00:00', '0000-00-00 00:00:00', 0),
(56, 'Vincent Moxted', '495-18-3665', 'vmoxted1d@tmall.com', 'Male', '10/07/1997', 1, '0000-00-00 00:00:00', '0000-00-00 00:00:00', 1),
(57, 'Arnold Walesa', '192-29-8067', 'awalesa1e@youtu.be', 'Male', '06/24/1995', 8, '0000-00-00 00:00:00', '0000-00-00 00:00:00', 1),
(58, 'Sigmund Botley', '268-55-9053', 'sbotley1f@google.com', 'Male', '11/03/1999', 7, '0000-00-00 00:00:00', '0000-00-00 00:00:00', 0),
(59, 'Terrance Jolly', '697-24-3047', 'tjolly1g@csmonitor.com', 'Male', '08/05/1998', 8, '0000-00-00 00:00:00', '0000-00-00 00:00:00', 1),
(60, 'Elia Melhuish', '682-77-5708', 'emelhuish1h@who.int', 'Male', '09/21/1997', 2, '0000-00-00 00:00:00', '0000-00-00 00:00:00', 1),
(61, 'Brigida Ginnety', '117-20-5119', 'bginnety1i@artisteer.com', 'Female', '04/26/2003', 5, '0000-00-00 00:00:00', '0000-00-00 00:00:00', 0),
(62, 'Daryl Martins', '721-25-8512', 'dmartins1j@delicious.com', 'Female', '12/27/1997', 7, '0000-00-00 00:00:00', '0000-00-00 00:00:00', 1),
(63, 'Magda Merrin', '121-48-3468', 'mmerrin1k@barnesandnoble.com', 'Female', '01/12/1998', 3, '0000-00-00 00:00:00', '0000-00-00 00:00:00', 0),
(64, 'Shelby Sissland', '239-73-5920', 'ssissland1l@seattletimes.com', 'Female', '07/21/2000', 6, '0000-00-00 00:00:00', '0000-00-00 00:00:00', 1),
(65, 'Vasily Dartan', '466-32-9660', 'vdartan1m@cyberchimps.com', 'Male', '11/15/1998', 1, '0000-00-00 00:00:00', '0000-00-00 00:00:00', 1),
(66, 'Garner Kunkler', '885-01-0396', 'gkunkler1n@fda.gov', 'Male', '08/25/2002', 3, '0000-00-00 00:00:00', '0000-00-00 00:00:00', 0),
(67, 'Maurice D\'Oyley', '389-79-9562', 'mdoyley1o@surveymonkey.com', 'Male', '12/12/2003', 8, '0000-00-00 00:00:00', '0000-00-00 00:00:00', 1),
(68, 'Nichol Haking', '566-74-4145', 'nhaking1p@godaddy.com', 'Female', '06/07/2001', 3, '0000-00-00 00:00:00', '0000-00-00 00:00:00', 1),
(69, 'Linoel Iwaszkiewicz', '366-90-2655', 'liwaszkiewicz1q@youtube.com', 'Male', '11/08/2003', 8, '0000-00-00 00:00:00', '0000-00-00 00:00:00', 1),
(70, 'Stacy Morot', '255-97-1187', 'smorot1r@theguardian.com', 'Female', '09/03/2003', 9, '0000-00-00 00:00:00', '0000-00-00 00:00:00', 0),
(71, 'Libbey Bouchard', '377-81-6175', 'lbouchard1s@wp.com', 'Female', '10/05/1995', 2, '0000-00-00 00:00:00', '0000-00-00 00:00:00', 1),
(72, 'Franni Goodliff', '839-31-4873', 'fgoodliff1t@gov.uk', 'Female', '11/11/2001', 4, '0000-00-00 00:00:00', '0000-00-00 00:00:00', 0),
(73, 'Andreas Reynolds', '158-52-9379', 'areynolds1u@vinaora.com', 'Male', '05/20/1997', 9, '0000-00-00 00:00:00', '0000-00-00 00:00:00', 0),
(74, 'Allx Brommage', '605-50-0137', 'abrommage1v@scientificamerican.com', 'Female', '01/22/1997', 3, '0000-00-00 00:00:00', '0000-00-00 00:00:00', 1),
(75, 'Barr Gymlett', '670-63-6268', 'bgymlett1w@dailymotion.com', 'Male', '10/17/2001', 7, '0000-00-00 00:00:00', '0000-00-00 00:00:00', 1),
(76, 'Pauly Druce', '653-41-5869', 'pdruce1x@prlog.org', 'Female', '05/29/1997', 3, '0000-00-00 00:00:00', '0000-00-00 00:00:00', 1),
(77, 'Kamila Kreber', '536-03-9152', 'kkreber1y@php.net', 'Female', '12/22/2004', 9, '0000-00-00 00:00:00', '0000-00-00 00:00:00', 1),
(78, 'Akim Dandison', '116-43-5857', 'adandison1z@sogou.com', 'Male', '03/29/1995', 1, '0000-00-00 00:00:00', '0000-00-00 00:00:00', 0),
(79, 'Englebert Moscrop', '493-19-8113', 'emoscrop20@nytimes.com', 'Male', '03/26/2000', 4, '0000-00-00 00:00:00', '0000-00-00 00:00:00', 0),
(80, 'Drusie Kyle', '550-56-0723', 'dkyle21@bluehost.com', 'Female', '09/21/1997', 1, '0000-00-00 00:00:00', '0000-00-00 00:00:00', 0),
(81, 'Hardy Losebie', '714-48-4878', 'hlosebie22@w3.org', 'Male', '01/28/1996', 8, '0000-00-00 00:00:00', '0000-00-00 00:00:00', 0),
(82, 'Correy Somersett', '689-88-0784', 'csomersett23@ehow.com', 'Male', '12/17/2003', 6, '0000-00-00 00:00:00', '0000-00-00 00:00:00', 0),
(83, 'Pooh Trippitt', '657-81-0514', 'ptrippitt24@mapquest.com', 'Male', '09/12/1995', 3, '0000-00-00 00:00:00', '0000-00-00 00:00:00', 0),
(84, 'Bancroft Joynt', '487-81-9517', 'bjoynt25@ftc.gov', 'Male', '10/27/2001', 5, '0000-00-00 00:00:00', '0000-00-00 00:00:00', 0),
(85, 'Issy Balazot', '553-24-8065', 'ibalazot26@diigo.com', 'Female', '08/01/1995', 1, '0000-00-00 00:00:00', '0000-00-00 00:00:00', 0),
(86, 'Aarika Izat', '326-67-4664', 'aizat27@mail.ru', 'Female', '03/25/2001', 7, '0000-00-00 00:00:00', '0000-00-00 00:00:00', 1),
(87, 'Tucky Halliday', '328-63-4085', 'thalliday28@imdb.com', 'Male', '12/24/1998', 2, '0000-00-00 00:00:00', '0000-00-00 00:00:00', 0),
(88, 'Guthrie Regardsoe', '603-98-5540', 'gregardsoe29@nps.gov', 'Male', '05/24/1997', 1, '0000-00-00 00:00:00', '0000-00-00 00:00:00', 1),
(89, 'Trip James', '763-23-7413', 'tjames2a@pbs.org', 'Male', '04/26/2000', 9, '0000-00-00 00:00:00', '0000-00-00 00:00:00', 0),
(90, 'Karlotta Baldassi', '791-01-4346', 'kbaldassi2b@usatoday.com', 'Female', '07/15/1996', 6, '0000-00-00 00:00:00', '0000-00-00 00:00:00', 1),
(91, 'Sibley Burden', '481-46-5588', 'sburden2c@netvibes.com', 'Female', '10/01/2001', 3, '0000-00-00 00:00:00', '0000-00-00 00:00:00', 1),
(92, 'Sayre Shillan', '683-15-8684', 'sshillan2d@yandex.ru', 'Female', '01/24/2002', 5, '0000-00-00 00:00:00', '0000-00-00 00:00:00', 0),
(93, 'Seymour Garmans', '703-34-1714', 'sgarmans2e@omniture.com', 'Male', '05/18/2000', 8, '0000-00-00 00:00:00', '0000-00-00 00:00:00', 0),
(94, 'Mattie Poulston', '830-83-4497', 'mpoulston2f@home.pl', 'Male', '11/16/2004', 8, '0000-00-00 00:00:00', '0000-00-00 00:00:00', 0),
(95, 'Beauregard Brisse', '614-23-1096', 'bbrisse2g@indiegogo.com', 'Male', '12/18/1997', 4, '0000-00-00 00:00:00', '0000-00-00 00:00:00', 1),
(96, 'Correy Berg', '443-09-4142', 'cberg2h@sun.com', 'Male', '10/22/1997', 3, '0000-00-00 00:00:00', '0000-00-00 00:00:00', 1),
(97, 'Shaina Harler', '191-59-2594', 'sharler2i@bing.com', 'Female', '02/22/2001', 5, '0000-00-00 00:00:00', '0000-00-00 00:00:00', 0),
(98, 'Vasily Armer', '204-20-4131', 'varmer2j@taobao.com', 'Male', '04/05/2000', 7, '0000-00-00 00:00:00', '0000-00-00 00:00:00', 1),
(99, 'Burnard Bawle', '707-91-7985', 'bbawle2k@weibo.com', 'Male', '01/22/1999', 3, '0000-00-00 00:00:00', '0000-00-00 00:00:00', 0),
(100, 'Titos Tinniswood', '680-33-5906', 'ttinniswood2l@yandex.ru', 'Male', '01/19/1997', 8, '0000-00-00 00:00:00', '0000-00-00 00:00:00', 0),
(101, 'Gwenore Fraanchyonok', '278-19-5375', 'gfraanchyonok2m@senate.gov', 'Female', '03/23/2001', 9, '0000-00-00 00:00:00', '0000-00-00 00:00:00', 0),
(102, 'Ruy Moule', '476-13-4168', 'rmoule2n@princeton.edu', 'Male', '08/04/2003', 7, '0000-00-00 00:00:00', '0000-00-00 00:00:00', 1),
(103, 'Issiah Fedynski', '890-88-4528', 'ifedynski2o@wikispaces.com', 'Male', '11/03/2001', 1, '0000-00-00 00:00:00', '0000-00-00 00:00:00', 0),
(104, 'Gage Stanislaw', '564-02-6615', 'gstanislaw2p@a8.net', 'Male', '09/16/1998', 3, '0000-00-00 00:00:00', '0000-00-00 00:00:00', 0),
(105, 'Angeli McCrainor', '116-07-7971', 'amccrainor2q@census.gov', 'Male', '03/13/2001', 5, '0000-00-00 00:00:00', '0000-00-00 00:00:00', 0),
(106, 'Edin McLernon', '377-76-6208', 'emclernon2r@tripadvisor.com', 'Female', '01/25/2001', 7, '0000-00-00 00:00:00', '0000-00-00 00:00:00', 1);

-- --------------------------------------------------------

--
-- Table structure for table `tblsubjectcombination`
--

CREATE TABLE `tblsubjectcombination` (
  `id` int(11) NOT NULL,
  `ClassId` int(11) NOT NULL,
  `SubjectId` int(11) NOT NULL,
  `status` int(1) DEFAULT NULL,
  `CreationDate` timestamp NOT NULL DEFAULT CURRENT_TIMESTAMP,
  `Updationdate` timestamp NOT NULL DEFAULT CURRENT_TIMESTAMP
) ENGINE=InnoDB DEFAULT CHARSET=latin1;

--
-- Dumping data for table `tblsubjectcombination`
--

INSERT INTO `tblsubjectcombination` (`id`, `ClassId`, `SubjectId`, `status`, `CreationDate`, `Updationdate`) VALUES
(28, 8, 1, 0, '0000-00-00 00:00:00', '0000-00-00 00:00:00'),
(29, 1, 3, 1, '2019-04-10 18:36:47', '2019-04-10 18:36:47'),
(30, 1, 7, 1, '0000-00-00 00:00:00', '0000-00-00 00:00:00'),
(31, 7, 2, 1, '0000-00-00 00:00:00', '0000-00-00 00:00:00'),
(32, 9, 3, 0, '0000-00-00 00:00:00', '0000-00-00 00:00:00'),
(33, 8, 2, 1, '0000-00-00 00:00:00', '0000-00-00 00:00:00'),
(34, 8, 8, 1, '0000-00-00 00:00:00', '0000-00-00 00:00:00'),
(35, 2, 1, 0, '0000-00-00 00:00:00', '0000-00-00 00:00:00'),
(36, 1, 1, 0, '0000-00-00 00:00:00', '0000-00-00 00:00:00'),
(37, 8, 2, 1, '0000-00-00 00:00:00', '0000-00-00 00:00:00'),
(38, 8, 8, 1, '0000-00-00 00:00:00', '0000-00-00 00:00:00'),
(39, 7, 5, 0, '0000-00-00 00:00:00', '0000-00-00 00:00:00'),
(40, 6, 4, 0, '0000-00-00 00:00:00', '0000-00-00 00:00:00'),
(41, 2, 4, 0, '0000-00-00 00:00:00', '0000-00-00 00:00:00'),
(42, 5, 5, 0, '0000-00-00 00:00:00', '0000-00-00 00:00:00'),
(43, 3, 8, 0, '0000-00-00 00:00:00', '0000-00-00 00:00:00'),
(44, 4, 4, 0, '0000-00-00 00:00:00', '0000-00-00 00:00:00'),
(45, 5, 8, 0, '0000-00-00 00:00:00', '0000-00-00 00:00:00'),
(46, 3, 1, 0, '0000-00-00 00:00:00', '0000-00-00 00:00:00'),
(47, 4, 7, 0, '0000-00-00 00:00:00', '0000-00-00 00:00:00'),
(48, 8, 9, 0, '0000-00-00 00:00:00', '0000-00-00 00:00:00'),
(49, 9, 5, 1, '0000-00-00 00:00:00', '0000-00-00 00:00:00'),
(50, 7, 8, 1, '0000-00-00 00:00:00', '0000-00-00 00:00:00'),
(51, 3, 4, 1, '0000-00-00 00:00:00', '0000-00-00 00:00:00'),
(52, 4, 4, 1, '0000-00-00 00:00:00', '0000-00-00 00:00:00'),
(53, 6, 8, 1, '0000-00-00 00:00:00', '0000-00-00 00:00:00'),
(54, 3, 7, 1, '0000-00-00 00:00:00', '0000-00-00 00:00:00'),
(55, 1, 8, 1, '0000-00-00 00:00:00', '0000-00-00 00:00:00'),
(56, 9, 1, 0, '0000-00-00 00:00:00', '0000-00-00 00:00:00'),
(57, 9, 6, 1, '0000-00-00 00:00:00', '0000-00-00 00:00:00'),
(58, 9, 9, 0, '0000-00-00 00:00:00', '0000-00-00 00:00:00'),
(59, 4, 3, 1, '0000-00-00 00:00:00', '0000-00-00 00:00:00'),
(60, 9, 5, 0, '0000-00-00 00:00:00', '0000-00-00 00:00:00'),
(61, 1, 7, 0, '0000-00-00 00:00:00', '0000-00-00 00:00:00'),
(62, 7, 6, 1, '0000-00-00 00:00:00', '0000-00-00 00:00:00'),
(63, 9, 3, 0, '0000-00-00 00:00:00', '0000-00-00 00:00:00'),
(64, 5, 1, 1, '0000-00-00 00:00:00', '0000-00-00 00:00:00'),
(65, 1, 4, 0, '0000-00-00 00:00:00', '0000-00-00 00:00:00'),
(66, 3, 4, 0, '0000-00-00 00:00:00', '0000-00-00 00:00:00'),
(67, 3, 2, 0, '0000-00-00 00:00:00', '0000-00-00 00:00:00'),
(68, 9, 3, 1, '0000-00-00 00:00:00', '0000-00-00 00:00:00'),
(69, 2, 4, 0, '0000-00-00 00:00:00', '0000-00-00 00:00:00'),
(70, 6, 1, 1, '0000-00-00 00:00:00', '0000-00-00 00:00:00'),
(71, 2, 2, 1, '0000-00-00 00:00:00', '0000-00-00 00:00:00'),
(72, 5, 2, 0, '0000-00-00 00:00:00', '0000-00-00 00:00:00'),
(73, 4, 1, 0, '0000-00-00 00:00:00', '0000-00-00 00:00:00'),
(74, 2, 9, 0, '0000-00-00 00:00:00', '0000-00-00 00:00:00'),
(75, 6, 9, 0, '0000-00-00 00:00:00', '0000-00-00 00:00:00'),
(76, 4, 9, 0, '0000-00-00 00:00:00', '0000-00-00 00:00:00'),
(77, 6, 3, 0, '0000-00-00 00:00:00', '0000-00-00 00:00:00'),
(78, 8, 7, 0, '0000-00-00 00:00:00', '0000-00-00 00:00:00'),
(79, 4, 1, 0, '0000-00-00 00:00:00', '0000-00-00 00:00:00'),
(80, 9, 5, 0, '0000-00-00 00:00:00', '0000-00-00 00:00:00'),
(81, 9, 3, 0, '0000-00-00 00:00:00', '0000-00-00 00:00:00'),
(82, 9, 1, 1, '0000-00-00 00:00:00', '0000-00-00 00:00:00'),
(83, 3, 7, 1, '0000-00-00 00:00:00', '0000-00-00 00:00:00'),
(84, 7, 4, 1, '0000-00-00 00:00:00', '0000-00-00 00:00:00'),
(85, 7, 4, 1, '0000-00-00 00:00:00', '0000-00-00 00:00:00'),
(86, 5, 4, 1, '0000-00-00 00:00:00', '0000-00-00 00:00:00'),
(87, 5, 8, 0, '0000-00-00 00:00:00', '0000-00-00 00:00:00'),
(88, 6, 2, 0, '0000-00-00 00:00:00', '0000-00-00 00:00:00'),
(89, 9, 5, 0, '0000-00-00 00:00:00', '0000-00-00 00:00:00'),
(90, 3, 5, 1, '0000-00-00 00:00:00', '0000-00-00 00:00:00'),
(91, 6, 5, 0, '0000-00-00 00:00:00', '0000-00-00 00:00:00'),
(92, 6, 9, 1, '0000-00-00 00:00:00', '0000-00-00 00:00:00'),
(93, 4, 7, 0, '0000-00-00 00:00:00', '0000-00-00 00:00:00'),
(94, 6, 9, 0, '0000-00-00 00:00:00', '0000-00-00 00:00:00'),
(95, 9, 2, 1, '0000-00-00 00:00:00', '0000-00-00 00:00:00'),
(96, 9, 3, 1, '0000-00-00 00:00:00', '0000-00-00 00:00:00'),
(97, 4, 3, 0, '0000-00-00 00:00:00', '0000-00-00 00:00:00'),
(98, 3, 8, 0, '0000-00-00 00:00:00', '0000-00-00 00:00:00'),
(99, 3, 8, 0, '0000-00-00 00:00:00', '0000-00-00 00:00:00'),
(100, 8, 4, 1, '0000-00-00 00:00:00', '0000-00-00 00:00:00'),
(101, 4, 5, 1, '0000-00-00 00:00:00', '0000-00-00 00:00:00'),
(102, 2, 4, 0, '0000-00-00 00:00:00', '0000-00-00 00:00:00'),
(103, 3, 4, 0, '0000-00-00 00:00:00', '0000-00-00 00:00:00'),
(104, 2, 6, 0, '0000-00-00 00:00:00', '0000-00-00 00:00:00'),
(105, 2, 3, 1, '0000-00-00 00:00:00', '0000-00-00 00:00:00'),
(106, 1, 4, 0, '0000-00-00 00:00:00', '0000-00-00 00:00:00'),
(107, 4, 6, 1, '0000-00-00 00:00:00', '0000-00-00 00:00:00'),
(108, 7, 7, 1, '0000-00-00 00:00:00', '0000-00-00 00:00:00'),
(109, 9, 2, 1, '0000-00-00 00:00:00', '0000-00-00 00:00:00'),
(110, 4, 5, 0, '0000-00-00 00:00:00', '0000-00-00 00:00:00'),
(111, 9, 4, 0, '0000-00-00 00:00:00', '0000-00-00 00:00:00'),
(112, 1, 7, 1, '0000-00-00 00:00:00', '0000-00-00 00:00:00'),
(113, 2, 2, 1, '0000-00-00 00:00:00', '0000-00-00 00:00:00'),
(114, 8, 2, 0, '0000-00-00 00:00:00', '0000-00-00 00:00:00'),
(115, 9, 3, 0, '0000-00-00 00:00:00', '0000-00-00 00:00:00'),
(116, 6, 2, 0, '0000-00-00 00:00:00', '0000-00-00 00:00:00'),
(117, 1, 8, 0, '0000-00-00 00:00:00', '0000-00-00 00:00:00'),
(118, 3, 7, 0, '0000-00-00 00:00:00', '0000-00-00 00:00:00'),
(119, 2, 8, 1, '0000-00-00 00:00:00', '0000-00-00 00:00:00'),
(120, 3, 1, 0, '0000-00-00 00:00:00', '0000-00-00 00:00:00'),
(121, 3, 1, 1, '0000-00-00 00:00:00', '0000-00-00 00:00:00'),
(122, 2, 4, 1, '0000-00-00 00:00:00', '0000-00-00 00:00:00'),
(123, 5, 1, 1, '0000-00-00 00:00:00', '0000-00-00 00:00:00'),
(124, 7, 7, 0, '0000-00-00 00:00:00', '0000-00-00 00:00:00'),
(125, 4, 1, 1, '0000-00-00 00:00:00', '0000-00-00 00:00:00'),
(126, 2, 5, 1, '0000-00-00 00:00:00', '0000-00-00 00:00:00'),
(127, 4, 3, 0, '0000-00-00 00:00:00', '0000-00-00 00:00:00'),
(128, 8, 8, 0, '0000-00-00 00:00:00', '0000-00-00 00:00:00');

-- --------------------------------------------------------

--
-- Table structure for table `tblsubjects`
--

CREATE TABLE `tblsubjects` (
  `id` int(11) NOT NULL,
  `SubjectName` varchar(100) NOT NULL,
  `SubjectCode` varchar(100) NOT NULL,
  `Creationdate` timestamp NOT NULL DEFAULT CURRENT_TIMESTAMP,
  `UpdationDate` timestamp NOT NULL DEFAULT '0000-00-00 00:00:00' ON UPDATE CURRENT_TIMESTAMP
) ENGINE=InnoDB DEFAULT CHARSET=latin1;

--
-- Dumping data for table `tblsubjects`
--

INSERT INTO `tblsubjects` (`id`, `SubjectName`, `SubjectCode`, `Creationdate`, `UpdationDate`) VALUES
(1, 'Maths', 'MTH01', '2017-06-07 09:23:57', '2017-06-07 09:46:54'),
(2, 'English', 'ENG11', '2017-06-07 09:24:25', '0000-00-00 00:00:00'),
(3, 'Biology', 'BIO123', '2019-04-10 18:35:59', '2019-04-10 18:36:37'),
(4, 'Science', 'SC1', '2017-06-07 09:36:15', '0000-00-00 00:00:00'),
(5, 'Islam', 'ISL213', '2017-06-07 09:36:23', '2019-04-10 18:34:50'),
(6, 'Social Studies', 'SS08', '2017-08-28 18:43:29', '2017-08-28 18:43:45'),
(7, 'Physics', 'PH03', '2017-08-28 18:52:41', '2017-08-28 18:52:55'),
(8, 'Chemistry', 'CH65', '2017-08-28 19:21:46', '2017-08-28 19:22:14'),
(9, 'Bangla', 'GDE222', '2019-04-10 17:52:03', '2019-04-10 18:29:35');

--
-- Indexes for dumped tables
--

--
-- Indexes for table `admin`
--
ALTER TABLE `admin`
  ADD PRIMARY KEY (`id`);

--
-- Indexes for table `tblclasses`
--
ALTER TABLE `tblclasses`
  ADD PRIMARY KEY (`id`);

--
-- Indexes for table `tblresult`
--
ALTER TABLE `tblresult`
  ADD PRIMARY KEY (`id`);

--
-- Indexes for table `tblstudents`
--
ALTER TABLE `tblstudents`
  ADD PRIMARY KEY (`StudentId`);

--
-- Indexes for table `tblsubjectcombination`
--
ALTER TABLE `tblsubjectcombination`
  ADD PRIMARY KEY (`id`);

--
-- Indexes for table `tblsubjects`
--
ALTER TABLE `tblsubjects`
  ADD PRIMARY KEY (`id`);

--
-- AUTO_INCREMENT for dumped tables
--

--
-- AUTO_INCREMENT for table `admin`
--
ALTER TABLE `admin`
  MODIFY `id` int(11) NOT NULL AUTO_INCREMENT, AUTO_INCREMENT=2;

--
-- AUTO_INCREMENT for table `tblclasses`
--
ALTER TABLE `tblclasses`
  MODIFY `id` int(11) NOT NULL AUTO_INCREMENT, AUTO_INCREMENT=101;

--
-- AUTO_INCREMENT for table `tblresult`
--
ALTER TABLE `tblresult`
  MODIFY `id` int(11) NOT NULL AUTO_INCREMENT, AUTO_INCREMENT=123;

--
-- AUTO_INCREMENT for table `tblstudents`
--
ALTER TABLE `tblstudents`
  MODIFY `StudentId` int(11) NOT NULL AUTO_INCREMENT, AUTO_INCREMENT=107;

--
-- AUTO_INCREMENT for table `tblsubjectcombination`
--
ALTER TABLE `tblsubjectcombination`
  MODIFY `id` int(11) NOT NULL AUTO_INCREMENT, AUTO_INCREMENT=129;

--
-- AUTO_INCREMENT for table `tblsubjects`
--
ALTER TABLE `tblsubjects`
  MODIFY `id` int(11) NOT NULL AUTO_INCREMENT, AUTO_INCREMENT=11;
COMMIT;

/*!40101 SET CHARACTER_SET_CLIENT=@OLD_CHARACTER_SET_CLIENT */;
/*!40101 SET CHARACTER_SET_RESULTS=@OLD_CHARACTER_SET_RESULTS */;
/*!40101 SET COLLATION_CONNECTION=@OLD_COLLATION_CONNECTION */;
